min,max,mean,median,sd,sum,count,id
1,1320,89.17803126320237,85.0,41.33695885553136,3166266,35505,0
1,2286,137.8531034328725,133.0,46.7674193949121,160474522,1164098,1
134,263,207.0,202.0,40.52159917870962,1449,7,2
217,304,250.5,240.5,33.93007515464709,1002,4,3
204,300,254.66666666666666,260.0,39.37286149395573,764,3,4
224,323,262.0,235.0,41.92851058647326,1310,5,5
129,401,200.77083333333334,186.0,57.23207127685393,9637,48,6
78,376,205.13793103448276,185.0,80.52060097842215,5949,29,7
78,347,165.77777777777777,135.0,77.93555425660325,2984,18,8
110,321,192.57142857142858,183.0,62.644933993915586,2696,14,9
462,627,521.1052631578947,523.0,37.1262352080065,19802,38,10
198,222,210.33333333333334,211.0,9.809292646374775,631,3,11
68,162,116.19444444444444,120.5,26.485655912886177,4183,36,12
112,148,133.33333333333334,140.0,15.434449203720302,400,3,13
262,391,333.90909090909093,338.0,44.57568547467543,3673,11,14
232,281,263.0,262.0,15.380878667079738,1841,7,15
108,446,178.58196721311475,165.5,57.775972112177584,21787,122,16
72,374,169.96153846153845,149.0,72.33388437241821,8838,52,17
104,387,223.62962962962962,213.0,72.90894785717734,6038,27,18
118,412,237.38636363636363,213.5,71.45348643096777,10445,44,19
142,317,232.69230769230768,226.0,41.03635276825549,6050,26,20
73,364,219.45217391304348,228.0,70.33784848896582,25237,115,21
62,395,191.024,189.0,68.15798870271921,23878,125,22
13,380,126.40716131413807,115.0,50.245693508572856,342437,2709,23
52,430,199.80541624874624,185.0,68.70202438951789,199206,997,24
26,575,126.16787912702854,114.0,49.279677818768214,225462,1787,25
160,325,234.66666666666666,221.5,53.90526669795613,4224,18,26
114,205,176.11111111111111,192.0,31.11428555233269,1585,9,27
245,325,287.84615384615387,282.0,27.346343177966236,3742,13,28
212,225,217.5,216.5,4.8218253804964775,870,4,29
87,223,154.25925925925927,155.0,35.03711533935343,4165,27,30
91,260,192.984126984127,195.5,29.674687018310212,24316,126,31
206,302,244.45,247.0,23.20447155183673,4889,20,32
158,276,205.07692307692307,207.0,27.325562949965814,5332,26,33
106,239,182.0,170.5,35.10392733421311,2548,14,34
181,315,237.375,232.0,40.76130978023155,1899,8,35
217,531,396.9583333333333,405.5,76.8870812548434,9527,24,36
203,455,337.82608695652175,347.0,63.37099334657434,7770,23,37
115,231,158.625,148.5,32.69150310095882,1269,8,38
70,293,193.5,203.0,81.96289811046621,1161,6,39
138,291,200.0,185.0,46.35299343084543,2000,10,40
101,336,220.1326923076923,226.0,43.150894549751655,114469,520,41
146,302,236.5,249.5,60.55507135382359,1419,6,42
102,375,257.9166666666667,271.0,69.13146694684137,6190,24,43
139,199,160.875,159.5,20.13353856131604,1287,8,44
62,269,163.26315789473685,160.0,49.42920733125428,3102,19,45
164,403,286.2079207920792,281.0,48.23443509921372,28907,101,46
63,283,167.52941176470588,165.0,61.31127681234392,2848,17,47
104,170,137.125,129.0,23.944923783549616,1097,8,48
67,377,228.15942028985506,237.5,69.08441028619606,31486,138,49
1,310,120.38297872340425,96.5,82.18597312413627,11316,94,50
197,226,212.0,212.5,13.546217184144066,848,4,51
115,332,243.0909090909091,255.0,65.68444474144343,2674,11,52
179,183,181.0,181.0,2.0,362,2,53
193,267,220.25,220.0,23.684119151870522,1762,8,54
86,268,155.0,126.0,56.6411707349188,1395,9,55
186,186,186.0,186.0,0.0,186,1,56
171,222,195.75,195.0,18.91262805640718,783,4,57
93,216,155.14285714285714,149.5,35.08124680724761,2172,14,58
223,284,255.33333333333334,256.0,20.377002287437232,1532,6,59
110,225,168.75,170.0,41.41482222586498,675,4,60
201,400,293.5,286.5,85.30679926008243,1174,4,61
140,329,216.5,198.5,76.6175567347328,866,4,62
262,262,262.0,262.0,0.0,262,1,63
127,220,186.46153846153845,200.0,31.31629063557173,2424,13,64
112,232,168.66666666666666,166.0,38.032150142273636,1518,9,65
63,352,206.73214285714286,203.5,55.71755656607599,11577,56,66
118,168,150.0,164.0,22.686266036231405,450,3,67
183,278,227.77777777777777,242.0,32.83554232087804,2050,9,68
237,343,290.0,290.0,53.0,580,2,69
122,280,230.92857142857142,244.5,39.64028305671298,3233,14,70
94,139,119.66666666666667,126.0,18.909139471577113,359,3,71
37,196,116.5,116.5,79.5,233,2,72
186,247,214.8,212.0,19.425756098540926,1074,5,73
116,197,159.16666666666666,168.5,32.05940666256248,955,6,74
205,291,243.0,237.0,32.4037034920393,1215,5,75
65,375,145.45652173913044,130.5,60.16163248021375,6691,46,76
75,211,140.625,144.0,42.999818313569655,1125,8,77
74,346,198.94871794871796,194.0,63.132724952236984,7759,39,78
214,339,277.22222222222223,266.0,32.920030301652645,2495,9,79
69,268,154.45454545454547,140.5,61.912494900410756,3398,22,80
150,283,213.23076923076923,215.0,37.61577788059327,2772,13,81
93,303,175.40625,172.5,50.059876257712624,5613,32,82
69,277,191.64705882352942,181.0,65.14503382857323,3258,17,83
58,406,183.57894736842104,167.0,87.16267255317074,10464,57,84
53,403,152.5,133.0,71.12673129535692,6405,42,85
194,445,331.46666666666664,332.0,46.708838088262866,14916,45,86
123,398,240.0909090909091,240.5,74.3773603695183,5282,22,87
243,310,285.25,294.0,25.252475126212875,1141,4,88
240,391,311.75,308.0,54.30181856991532,1247,4,89
304,365,340.125,347.0,20.817285485864865,2721,8,90
199,415,313.84375,328.0,49.519004795507556,10043,32,91
317,417,375.6,381.0,34.03292523424926,1878,5,92
349,401,367.2,357.0,19.041008376659047,1836,5,93
196,396,286.8181818181818,272.0,49.167280661058584,3155,11,94
441,458,449.2,451.0,7.054076835419359,2246,5,95
119,314,235.7,231.0,55.3318172483066,2357,10,96
210,210,210.0,210.0,0.0,210,1,97
39,325,141.70909090909092,132.0,66.25369224078905,7794,55,98
134,230,178.44444444444446,161.0,36.06817960816589,1606,9,99
344,409,373.8,369.0,23.21551205552012,1869,5,100
236,244,240.0,240.0,4.0,480,2,101
77,309,189.57142857142858,185.0,64.49183885509518,3981,21,102
162,357,241.22641509433961,241.0,46.623195097619764,12785,53,103
133,299,192.375,183.0,48.51272384643023,1539,8,104
233,255,241.4,236.0,9.264987857520376,1207,5,105
221,398,319.2375,323.0,40.18589421364168,25539,80,106
183,340,267.44444444444446,272.0,39.58145219701636,2407,9,107
164,373,284.5,277.0,55.20756288770588,4552,16,108
178,398,286.86842105263156,281.5,49.44463732969249,21802,76,109
218,368,294.84,296.0,34.49774485383066,14742,50,110
35,246,129.57258064516128,122.0,43.10754993133113,16067,124,111
143,325,228.85714285714286,228.0,35.443430063890226,8010,35,112
230,370,283.3333333333333,286.0,40.25789876158979,5950,21,113
131,547,260.8333333333333,231.0,115.78680120520357,4695,18,114
273,409,330.22222222222223,315.0,44.32651019618891,2972,9,115
190,325,253.125,248.0,32.308812652278014,12150,48,116
148,389,255.81034482758622,254.5,47.302568602908,14837,58,117
21,320,123.79501385041551,110.0,52.4403587104027,44690,361,118
27,269,117.53086419753086,109.0,53.46652037011321,9520,81,119
72,346,149.1451612903226,128.5,74.05617893111426,9247,62,120
66,550,195.52866242038218,174.0,82.99870005194533,30698,157,121
128,642,322.04338624338624,332.0,81.98257151966996,304331,945,122
72,307,171.1818181818182,170.0,69.00700647143564,1883,11,123
189,1072,511.739837398374,513.0,87.39142998821212,566496,1107,124
173,358,260.5408163265306,261.0,37.067277050048325,25533,98,125
183,244,215.2,228.0,23.489572154468885,1076,5,126
72,360,229.66666666666666,243.0,74.14141551757355,7579,33,127
89,201,135.25,125.5,41.45102531904368,541,4,128
137,235,192.71428571428572,197.0,26.561057884022002,2698,14,129
--,--,--,--,--,--,0,130
244,244,244.0,244.0,0.0,244,1,131
175,211,197.6,206.0,13.865064009949611,988,5,132
317,362,338.5,337.5,16.590660023037056,1354,4,133
199,295,247.0,247.0,48.0,494,2,134
--,--,--,--,--,--,0,135
230,265,247.5,247.5,17.5,495,2,136
143,262,202.5,202.5,59.5,405,2,137
116,293,195.93333333333334,203.0,47.85041506844243,2939,15,138
177,302,257.1666666666667,264.5,32.554654898425134,4629,18,139
114,329,198.8,183.0,69.73205862442325,1988,10,140
184,440,333.1818181818182,349.0,74.79282680945252,3665,11,141
448,1284,748.8333333333334,668.5,246.6721283179129,17972,24,142
38,202,126.52564102564102,125.0,27.66252256218901,29607,234,143
118,343,232.73333333333332,208.0,70.7987444960871,3491,15,144
256,256,256.0,256.0,0.0,256,1,145
113,152,131.375,133.0,12.83488897497754,1051,8,146
89,143,120.8,116.0,19.84338680769994,604,5,147
275,356,307.3333333333333,291.0,35.02697373295171,922,3,148
--,--,--,--,--,--,0,149
172,303,265.0,295.0,48.822126131499026,1325,5,150
154,199,179.57142857142858,178.0,16.158652196774536,1257,7,151
297,670,490.75,499.5,117.1203974549267,3926,8,152
128,302,222.1,231.5,44.74695520367839,2221,10,153
50,356,202.625,199.5,77.13965284901577,9726,48,154
73,365,228.3,229.5,75.23746850251321,13698,60,155
89,249,180.44,180.5,37.72487773340028,9022,50,156
12,254,81.44444444444444,76.0,49.82661294955429,1466,18,157
103,287,198.13513513513513,199.0,50.28038259232309,7331,37,158
57,178,114.42857142857143,107.0,36.90473118278292,801,7,159
91,349,210.90625,211.0,72.82957820101322,6749,32,160
37,211,129.65,137.5,50.248656698463094,2593,20,161
1,272,82.98518518518519,74.0,47.49284315443362,11203,135,162
68,280,148.41558441558442,143.0,48.717406859889046,11428,77,163
12,356,147.2250803858521,138.0,75.54739668508677,45787,311,164
14,369,117.65168539325843,99.5,63.90004503587157,20942,178,165
103,368,218.14776632302406,218.0,57.19889474721328,63481,291,166
91,315,210.0222222222222,217.0,49.294799765803056,9451,45,167
1,370,170.5909090909091,151.0,92.0755346071883,26271,154,168
10,459,177.61739130434782,155.0,97.16580026439752,20426,115,169
21,421,170.80263157894737,138.0,86.2425465485572,25962,152,170
21,412,111.63974358974359,101.5,47.598881800439415,87079,780,171
30,350,202.4877049180328,197.0,55.19284236955875,49407,244,172
48,396,133.59420289855072,126.0,47.80661087849985,138270,1035,173
34,507,160.0632603406326,139.0,80.74498553549236,65786,411,174
97,291,186.5,180.0,60.74331238910173,1492,8,175
121,339,226.26315789473685,235.0,60.203900997284705,4299,19,176
275,378,327.3333333333333,329.0,42.06608557443342,982,3,177
219,219,219.0,219.0,0.0,219,1,178
380,965,594.8260869565217,512.0,192.86279244783077,13681,23,179
571,697,632.4,636.0,48.68511066024191,3162,5,180
212,340,270.0,260.0,39.50604096498753,2970,11,181
165,224,196.33333333333334,191.5,19.524912860809962,1178,6,182
480,843,647.4285714285714,638.0,131.43478246193558,4532,7,183
228,332,280.0,280.0,42.45782220824175,840,3,184
229,381,310.5,322.0,49.51683215500227,1863,6,185
439,495,467.6666666666667,469.0,22.88133640230735,1403,3,186
281,362,315.1666666666667,317.0,25.86771905075685,1891,6,187
256,316,292.3333333333333,305.0,26.08107018935807,877,3,188
258,341,305.6666666666667,318.0,34.988887124660344,917,3,189
360,370,363.6666666666667,361.0,4.4969125210773475,1091,3,190
513,536,527.0,529.5,9.082951062292475,2108,4,191
169,187,178.0,178.0,9.0,356,2,192
146,367,240.9090909090909,252.0,70.20807328020766,2650,11,193
109,153,128.5,126.0,18.607794065928395,514,4,194
293,400,342.5,338.5,40.70933553866975,1370,4,195
1180,1376,1256.5,1235.0,77.61926307302846,5026,4,196
234,498,347.0,344.5,76.86459956746452,4164,12,197
274,386,325.125,323.5,37.062236508338245,2601,8,198
231,402,312.625,322.5,60.545308447475925,2501,8,199
192,364,290.3,302.0,48.08128534055636,2903,10,200
107,337,214.35,206.0,62.77680702297624,4287,20,201
135,204,158.5,147.5,27.28094573140748,634,4,202
249,292,265.0,259.5,16.47725705328408,1060,4,203
249,249,249.0,249.0,0.0,249,1,204
--,--,--,--,--,--,0,205
775,1080,936.2,896.0,111.17265850918561,4681,5,206
6164,6400,6269.0,6256.0,91.01098834756164,25076,4,207
124,395,246.88235294117646,233.0,73.70639875881253,8394,34,208
123,173,144.5,133.5,20.43281674170255,1156,8,209
243,410,324.8333333333333,329.0,52.55922585257723,1949,6,210
160,217,195.5,202.5,22.588713996153036,782,4,211
216,246,226.33333333333334,217.0,13.912424503139471,679,3,212
227,267,251.5,256.0,15.435349040433131,1006,4,213
125,382,259.3157894736842,260.0,57.04296869035053,4927,19,214
263,309,286.0,286.0,23.0,572,2,215
279,314,302.0,313.0,16.268579122549905,906,3,216
252,325,297.6666666666667,316.0,32.49957264676294,893,3,217
143,160,148.66666666666666,143.0,8.013876853447538,446,3,218
117,163,141.0,142.0,19.836834424877374,564,4,219
176,196,186.0,186.0,10.0,372,2,220
228,323,286.3333333333333,308.0,41.69998667732268,859,3,221
212,339,263.625,249.0,43.473950533624155,2109,8,222
1012,1856,1429.76,1450.0,228.87503664663825,35744,25,223
200,278,249.0,256.5,23.021728866442675,1992,8,224
326,358,344.6666666666667,350.0,13.59738536958076,1034,3,225
212,333,256.1666666666667,239.5,41.790815046158436,1537,6,226
242,292,266.6,264.5,16.853486286225767,2666,10,227
146,198,169.4,169.0,19.11648503255763,847,5,228
220,220,220.0,220.0,0.0,220,1,229
136,184,160.0,160.0,24.0,320,2,230
638,1042,811.3636363636364,816.0,108.16508655944959,17850,22,231
186,382,254.72727272727272,231.0,56.7419852715957,2802,11,232
211,371,306.0232558139535,318.0,38.886530442619744,13159,43,233
452,1706,942.5294117647059,736.0,383.72786276782125,16023,17,234
85,199,141.47619047619048,140.0,27.427165969282644,2971,21,235
201,273,244.16666666666666,260.0,29.896581001103716,1465,6,236
154,270,203.125,204.5,35.1547916364185,1625,8,237
1274,1722,1509.4545454545455,1496.0,132.21770176930556,16604,11,238
97,164,128.36363636363637,128.0,17.42136998721412,1412,11,239
54,203,120.16666666666667,109.5,57.246300220091854,721,6,240
236,479,385.25,409.5,72.7749098247466,4623,12,241
132,213,171.625,167.0,26.565661576554046,1373,8,242
174,174,174.0,174.0,0.0,174,1,243
143,191,162.8,164.0,17.451647486698786,814,5,244
156,157,156.5,156.5,0.5,313,2,245
460,525,483.25,474.0,26.677471769266294,1933,4,246
157,323,241.56,250.0,43.222290545504414,6039,25,247
221,276,248.5,248.5,27.5,497,2,248
194,376,273.0,264.0,67.02238432046416,1638,6,249
204,204,204.0,204.0,0.0,204,1,250
268,304,286.3333333333333,287.0,14.70449666674185,859,3,251
196,215,205.5,205.5,9.5,411,2,252
154,154,154.0,154.0,0.0,154,1,253
103,182,148.14285714285714,153.0,26.10105948275757,1037,7,254
--,--,--,--,--,--,0,255
212,313,257.4,242.0,37.04375790872195,1287,5,256
78,171,136.16666666666666,140.5,29.571476497162298,817,6,257
166,227,190.0,177.0,26.54555832275273,570,3,258
211,247,226.75,224.5,13.045593125649749,907,4,259
105,131,115.75,113.5,9.627434756984853,463,4,260
258,464,348.2,342.0,66.53840995996222,1741,5,261
235,333,278.3333333333333,281.0,28.079252918203586,2505,9,262
164,286,226.0,232.0,42.750438594241345,2260,10,263
332,431,378.4,373.5,31.235236512631047,3784,10,264
209,290,249.66666666666666,250.0,33.06895153396242,749,3,265
731,913,834.0,846.0,65.64297372910524,3336,4,266
291,378,337.625,338.0,29.163065253844632,2701,8,267
152,284,228.66666666666666,227.5,45.43004390146337,1372,6,268
56,237,133.92307692307693,112.0,55.66722767200097,1741,13,269
234,253,242.66666666666666,241.0,7.84573486395988,728,3,270
191,191,191.0,191.0,0.0,191,1,271
78,278,152.0,138.5,47.898503804050776,4560,30,272
428,540,477.5,471.0,40.52468383590426,1910,4,273
71,347,176.78947368421052,156.0,76.11319751899205,3359,19,274
159,321,244.375,241.0,44.721184856843855,3910,16,275
144,350,228.94736842105263,232.0,52.42987666168025,4350,19,276
119,161,138.8,134.0,17.656726763474595,694,5,277
153,234,189.66666666666666,189.0,25.564732651752013,1707,9,278
64,331,172.55555555555554,160.5,79.37759425137425,3106,18,279
115,310,209.375,220.5,65.87286524055257,1675,8,280
127,246,182.16666666666666,169.0,38.242283172193346,1093,6,281
149,266,197.4,195.0,31.56643787315889,1974,10,282
153,256,204.85714285714286,210.0,25.954696270682913,4302,21,283
100,237,161.2941176470588,149.0,45.15693511441333,2742,17,284
205,318,260.1666666666667,266.5,42.21143868142325,1561,6,285
112,232,183.57142857142858,195.5,33.57234041314854,2570,14,286
148,397,264.93023255813955,265.0,52.25402859681806,11392,43,287
92,378,199.0,194.0,54.33197618680583,10945,55,288
50,300,170.0909090909091,172.0,58.99492203949659,7484,44,289
153,227,188.8,190.5,20.448960853794013,1888,10,290
166,347,266.625,273.0,50.52953962782562,6399,24,291
26,288,172.8148148148148,179.0,67.05527683107148,9332,54,292
169,363,244.91304347826087,250.0,46.32391911358092,5633,23,293
104,255,203.04761904761904,225.0,47.433639048450466,4264,21,294
211,265,241.5,245.0,23.21098877687032,966,4,295
174,538,335.3333333333333,313.0,97.77241146890285,6036,18,296
16,313,154.85,148.0,71.0628419077087,3097,20,297
1662,1860,1786.8,1804.0,69.47344816546823,8934,5,298
213,306,260.35714285714283,266.0,30.158171465167595,3645,14,299
227,389,317.64516129032256,317.0,39.65215560759369,9847,31,300
156,301,247.0,254.0,34.790972459905205,8398,34,301
330,418,372.625,369.5,30.98159736036862,5962,16,302
180,599,352.6551724137931,316.0,123.60791065580881,10227,29,303
85,226,143.03030303030303,136.0,34.47307675738117,4720,33,304
160,318,252.44444444444446,262.0,56.297051651852584,2272,9,305
55,289,159.625,153.0,53.550297618220576,6385,40,306
200,337,260.18918918918916,259.0,35.08741041474643,9627,37,307
65,332,172.61904761904762,154.0,70.33895905540352,3625,21,308
364,1168,755.4090909090909,711.0,276.0225055203271,16619,22,309
79,241,153.52,150.0,46.161559765675165,3838,25,310
32,227,96.78947368421052,93.0,36.2301303521948,11034,114,311
84,309,168.6153846153846,159.0,64.76648998403473,2192,13,312
9,234,83.78169014084507,80.0,40.39856297074403,11897,142,313
88,273,155.8125,148.0,41.960128023517754,7479,48,314
73,397,168.3134328358209,158.5,52.73425603777329,45108,268,315
94,303,194.09375,187.5,62.57014033017266,6211,32,316
61,349,151.0,125.0,68.14948966189307,5134,34,317
61,289,138.98529411764707,112.0,64.02033055923326,9451,68,318
128,316,206.075,197.0,51.09422056358234,8243,40,319
71,314,175.39705882352942,167.5,68.78272263094819,11927,68,320
103,404,203.5,172.5,72.99521410374301,15873,78,321
142,424,273.17391304347825,260.0,75.97176373290337,6283,23,322
92,379,214.34,199.5,76.04067595701657,10717,50,323
92,389,179.36363636363637,162.0,65.17313242496976,21703,121,324
67,393,228.44230769230768,218.0,82.46267534735814,11879,52,325
68,332,154.5,147.5,40.184439969797694,31518,204,326
79,375,162.04658385093168,147.0,56.2003487213777,52179,322,327
139,311,223.94736842105263,221.0,49.54261715056466,4255,19,328
97,350,183.53703703703704,161.0,69.96075962650168,9911,54,329
170,238,203.5,195.0,24.655966147500013,1221,6,330
154,182,164.66666666666666,158.0,12.364824660660938,494,3,331
323,416,365.625,362.0,26.038133093599473,2925,8,332
262,328,296.25,297.5,24.742423082632794,1185,4,333
176,277,224.6153846153846,225.0,30.653242924283685,2920,13,334
261,290,278.75,282.0,11.321991874224253,1115,4,335
105,255,194.0,222.0,64.35837163881635,582,3,336
299,354,323.5,320.5,21.02974084481309,1294,4,337
162,353,261.0,257.0,45.75570899527596,13833,53,338
108,626,284.09090909090907,202.0,155.6321154900261,6250,22,339
225,247,236.0,236.0,11.0,472,2,340
348,423,376.25,367.0,28.4022446296063,1505,4,341
188,207,199.4,201.0,6.406246951218787,997,5,342
107,175,141.11111111111111,143.0,21.558419053788832,1270,9,343
164,254,194.91666666666666,189.0,27.363169691312365,2339,12,344
155,193,174.0,174.0,19.0,348,2,345
203,255,229.33333333333334,230.0,21.23414441151065,688,3,346
295,384,346.3333333333333,360.0,37.59728122558273,1039,3,347
196,239,217.5,217.5,21.5,435,2,348
162,286,231.64705882352942,237.0,33.93929039514456,3938,17,349
174,279,240.0,241.0,28.482849704211958,2640,11,350
94,239,165.8,162.0,47.6294026836365,1658,10,351
105,816,358.0,291.5,197.77331901519406,5012,14,352
254,381,316.7,321.5,31.247559904734963,3167,10,353
92,170,125.8,124.0,23.608473055240143,1258,10,354
187,307,250.8695652173913,260.0,39.65975328019259,5770,23,355
220,301,246.55555555555554,238.0,23.77258510278459,2219,9,356
154,280,236.31578947368422,241.0,30.485635325819217,4490,19,357
182,256,214.5,219.5,24.49319633422038,1287,6,358
117,274,211.4375,213.5,40.96335061674033,3383,16,359
63,212,120.77551020408163,112.0,32.47307538160948,5918,49,360
88,191,137.33333333333334,135.0,26.990533319830657,2060,15,361
70,235,149.55555555555554,122.0,55.996252079166695,1346,9,362
210,268,239.33333333333334,240.0,23.683092891108817,718,3,363
275,328,300.25,299.0,22.68672519338126,1201,4,364
192,250,220.66666666666666,220.0,23.683092891108817,662,3,365
239,304,268.5,265.5,23.178653972998518,1074,4,366
303,416,368.25,377.0,46.072632874625256,1473,4,367
258,321,299.25,309.0,24.681724007856502,1197,4,368
234,427,301.2857142857143,273.0,67.36831448031313,2109,7,369
141,303,220.2,225.0,52.890074683252244,1101,5,370
168,313,238.75,235.5,39.06004992316318,2865,12,371
235,371,289.0,261.0,58.94630324852159,867,3,372
182,274,241.58333333333334,254.0,25.96298112484175,2899,12,373
95,311,192.4,191.0,82.6718815559438,1924,10,374
163,268,206.8,203.0,31.530302884685394,3102,15,375
137,235,177.66666666666666,161.0,41.7079795189788,533,3,376
20,319,142.21212121212122,115.0,85.63409034277058,4693,33,377
121,298,206.55555555555554,202.0,50.51316904445394,1859,9,378
247,336,270.0,248.5,38.11167800031901,1080,4,379
71,260,160.21621621621622,161.0,45.70832033497996,5928,37,380
46,238,126.66666666666667,107.5,64.79626189492382,760,6,381
121,287,190.15384615384616,184.0,47.00711264322937,2472,13,382
146,214,182.33333333333334,184.0,21.72683952063796,2188,12,383
54,210,124.88888888888889,126.0,42.7588702803795,1124,9,384
173,257,231.125,240.0,27.374429217793747,1849,8,385
142,277,217.5,225.5,40.26474885057648,1740,8,386
210,224,217.0,217.0,7.0,434,2,387
45,318,172.37209302325581,174.0,67.55326004073291,7412,43,388
126,263,210.0,204.5,45.149750829877235,1680,8,389
53,230,114.03333333333333,98.0,48.97242988548648,3421,30,390
47,205,118.66666666666667,119.0,51.402550736536625,712,6,391
95,130,110.33333333333333,106.0,14.613540144521982,331,3,392
203,269,225.66666666666666,205.0,30.652170486860395,677,3,393
48,370,130.875,112.0,63.511686916661255,6282,48,394
224,233,228.5,228.5,4.5,457,2,395
150,225,190.4,205.0,29.431955422635447,952,5,396
118,240,170.85714285714286,163.0,44.36674614241286,1196,7,397
195,246,228.25,236.0,19.638928178492836,913,4,398
129,175,146.33333333333334,135.0,20.417857108151406,439,3,399
167,276,221.5,221.5,54.5,443,2,400
152,242,195.33333333333334,194.0,29.674156357941428,1172,6,401
143,303,242.5,262.0,64.22421661647576,970,4,402
186,240,220.0,235.5,24.1039415863879,1320,6,403
88,259,160.375,136.0,55.12018119527547,1283,8,404
248,248,248.0,248.0,0.0,248,1,405
129,299,212.11111111111111,217.5,45.5483734175838,3818,18,406
238,283,256.3333333333333,248.0,19.293061504650375,769,3,407
166,224,189.25,183.5,24.283482040267618,757,4,408
9,419,137.2871287128713,111.0,87.82693790887156,13866,101,409
169,251,206.33333333333334,208.0,28.50536011973109,1238,6,410
145,279,217.75,220.5,42.00520801043604,3484,16,411
196,199,197.5,197.5,1.5,395,2,412
--,--,--,--,--,--,0,413
222,267,244.5,244.5,22.5,489,2,414
169,308,235.0,228.0,56.96197562116913,705,3,415
241,277,259.0,259.0,18.0,518,2,416
197,199,198.0,198.0,1.0,396,2,417
160,271,204.4,194.0,42.02189905275581,1022,5,418
176,349,251.1,248.0,46.69571714836383,2511,10,419
233,248,240.5,240.5,7.5,481,2,420
70,332,184.42857142857142,218.0,90.10447450893108,1291,7,421
97,293,202.73333333333332,226.0,68.1424651414634,3041,15,422
46,251,125.18181818181819,111.0,56.9606214563554,2754,22,423
166,286,232.92857142857142,231.0,29.094585371838235,3261,14,424
203,290,240.0,235.0,26.874709300753377,1920,8,425
20,345,141.40540540540542,126.0,70.3932811057678,5232,37,426
95,290,165.07692307692307,154.0,48.44260924570997,2146,13,427
193,218,205.0,204.5,9.669539802906858,820,4,428
287,370,310.1818181818182,305.0,22.530053390640774,3412,11,429
250,307,278.5,278.5,28.5,557,2,430
193,281,246.0,264.0,38.113864493995706,738,3,431
200,230,215.0,215.0,15.0,430,2,432
242,393,303.2,275.0,56.80281683156215,1516,5,433
272,286,279.0,279.0,5.385164807134504,1116,4,434
186,294,235.75,231.5,47.49934210070704,943,4,435
191,191,191.0,191.0,0.0,191,1,436
275,325,294.75,289.5,19.395553614166314,1179,4,437
265,304,280.75,277.0,14.905955185763842,1123,4,438
166,333,255.86666666666667,244.0,49.042657169266654,3838,15,439
212,358,292.14285714285717,308.0,50.99419734896615,2045,7,440
239,325,284.3333333333333,289.0,35.264083081168515,853,3,441
130,192,169.33333333333334,186.0,27.920522121829233,508,3,442
257,285,271.0,271.0,14.0,542,2,443
382,422,399.3333333333333,394.0,16.75974011996871,1198,3,444
192,313,271.1666666666667,291.0,40.944745966023795,1627,6,445
86,255,183.23076923076923,197.0,51.3482137299287,2382,13,446
78,352,256.5658914728682,271.0,54.34213249165108,33097,129,447
183,246,221.46153846153845,222.0,20.025427622882113,2879,13,448
130,336,246.16666666666666,260.5,69.49200593513537,2954,12,449
201,322,239.0,216.5,48.55409354524086,956,4,450
150,345,259.2857142857143,272.5,52.952038368196355,3630,14,451
110,353,230.42857142857142,219.5,70.61081896637398,6452,28,452
140,378,259.0,250.5,72.70979497780395,3626,14,453
146,286,212.125,199.5,41.95663684090992,1697,8,454
162,274,233.8,245.5,33.486713783230506,2338,10,455
260,911,576.0,566.5,242.35614289718345,2304,4,456
281,339,311.3333333333333,312.0,18.153665072253467,1868,6,457
196,293,260.2,277.0,36.8423669163641,1301,5,458
104,336,190.9047619047619,185.0,55.441006623432635,4009,21,459
257,310,279.8,283.0,18.126224096595518,1399,5,460
188,357,290.1,308.0,49.60131046655925,2901,10,461
36,317,187.12280701754386,182.5,64.19161834542624,21332,114,462
219,447,340.57894736842104,338.0,59.04887876244979,6471,19,463
10,107,60.666666666666664,60.0,24.250794009702243,2002,33,464
67,445,203.0,165.5,91.95025829218753,8120,40,465
36,288,133.2058823529412,132.0,65.55993190417662,9058,68,466
101,301,177.1,168.5,49.377018946064375,3542,20,467
136,345,254.28,262.0,62.33812316712784,6357,25,468
152,382,253.11111111111111,250.0,45.4001414040328,13668,54,469
54,159,105.0,98.0,36.17181222996714,525,5,470
67,222,133.61111111111111,138.5,43.269361612126744,2405,18,471
261,361,306.75,298.0,29.34770008024479,6135,20,472
283,372,311.0,304.0,27.17075633838705,2488,8,473
166,1462,525.4444444444445,326.0,384.91836556359345,42561,81,474
92,240,163.66666666666666,161.0,36.642849407468475,6874,42,475
1920,2862,2331.3673469387754,2271.0,222.58327438470846,228474,98,476
234,4828,1747.1002087682673,1512.0,1157.4494250664238,836861,479,477
204,299,252.5,257.0,27.41988329661525,7575,30,478
196,287,239.66666666666666,238.5,29.011491975882016,4314,18,479
109,276,192.0,218.0,54.1453071439648,1344,7,480
85,299,173.36363636363637,167.0,63.940700833979726,1907,11,481
78,228,149.4,140.5,37.82776757885667,2988,20,482
236,303,270.125,266.5,19.36128546868725,2161,8,483
164,242,206.66666666666666,214.0,32.262809686834295,620,3,484
191,275,241.5,250.0,31.539657575820318,966,4,485
134,297,229.0,239.0,48.82622246293481,2519,11,486
162,162,162.0,162.0,0.0,162,1,487
8,4324,753.6931106471816,459.0,737.6430499067351,361019,479,488
102,514,274.2192513368984,260.0,71.51343356452804,51279,187,489
52,1616,397.1565217391304,246.5,350.6045732806305,91346,230,490
33,532,180.65151515151516,154.0,92.70047765955889,11923,66,491
1,387,143.1801909307876,129.0,80.24803279523624,119985,838,492
58,13216,1311.1954261954263,495.0,2034.986759027623,1261370,962,493
,,,,,,,494
1,465,120.15618661257606,99.0,72.56957176187196,59237,493,495
26,338,152.16216216216216,140.5,77.81475352139415,11260,74,496
129,366,246.17543859649123,253.0,46.65443052878823,14032,57,497
211,410,304.5,315.0,63.50787352761861,1827,6,498
128,307,201.5,185.5,52.94730084401533,2418,12,499
69,335,165.0,145.0,73.15315861522737,2145,13,500
137,286,217.97560975609755,221.0,32.880039022051236,8937,41,501
77,297,189.86111111111111,199.0,65.51766207069569,6835,36,502
39,429,143.0,117.0,75.70637057378028,23595,165,503
84,381,244.17777777777778,241.0,68.75957755958684,10988,45,504
129,515,307.0866141732283,314.0,64.36241183361695,39000,127,505
44,346,148.48387096774192,127.0,68.44087204047571,9206,62,506
96,429,212.74074074074073,185.0,88.22303075165156,5744,27,507
60,455,274.6,276.0,62.14066580242535,245767,895,508
60,430,249.93421052631578,254.0,71.97122698586162,75980,304,509
190,382,278.9166666666667,260.0,57.70825812269468,3347,12,510
72,427,179.32142857142858,152.5,79.79902743086262,15063,84,511
36,294,192.41666666666666,212.5,67.7955976119066,4618,24,512
24,433,179.48979591836735,151.0,89.83479677832665,8795,49,513
61,299,160.4,150.5,57.39547020453792,3208,20,514
160,284,226.33333333333334,224.0,36.39444402042097,2716,12,515
216,299,258.5,250.0,28.00446392988089,3102,12,516
137,288,198.95238095238096,185.0,44.14745442747864,4178,21,517
160,299,216.15384615384616,208.0,40.88792590982209,2810,13,518
172,249,216.85714285714286,232.0,28.687620881431325,1518,7,519
168,336,251.625,239.0,61.52222667459298,2013,8,520
88,269,186.86666666666667,196.0,49.057607859422674,2803,15,521
144,278,187.66666666666666,183.0,30.05127892585214,3941,21,522
91,345,181.9078947368421,168.0,55.62827225894433,13825,76,523
70,325,162.7089552238806,152.5,52.465030944837636,21803,134,524
57,297,138.96453900709218,126.0,52.043682054681355,19594,141,525
121,263,179.5,169.0,36.86510157704322,5026,28,526
65,342,155.45238095238096,131.0,78.02966541519486,6529,42,527
117,366,211.91803278688525,203.0,58.4791668332161,12927,61,528
79,347,154.51298701298703,147.0,47.81922628782344,23795,154,529
73,382,162.45833333333334,151.0,53.10090957057348,46788,288,530
49,327,156.7865168539326,141.0,58.06669391140051,13954,89,531
97,359,179.07299270072994,162.0,61.53458881775964,24533,137,532
93,260,148.95744680851064,145.0,34.35667574066645,7001,47,533
25,358,144.73552123552125,130.0,54.225376355951,74973,518,534
80,296,168.58333333333334,169.0,48.14770387971672,8092,48,535
86,335,161.53004291845494,155.0,42.79811072900774,75273,466,536
62,376,151.96428571428572,137.0,57.72150841769128,25530,168,537
91,415,164.7659574468085,153.0,58.57826652598793,7744,47,538
101,356,194.46428571428572,181.5,67.96820797930727,5445,28,539
199,343,255.3,259.0,40.152334925879465,2553,10,540
110,312,202.1818181818182,204.0,54.06362948469008,4448,22,541
80,806,262.51079136690646,200.0,146.58645235165085,109467,417,542
104,274,165.61904761904762,162.0,41.5388242840658,6956,42,543
55,321,155.7054794520548,144.5,54.20852278542872,22733,146,544
69,317,141.1158536585366,131.0,40.749891424401795,23143,164,545
86,1824,591.6763485477178,438.0,368.6417075260825,142594,241,546
128,615,246.34883720930233,229.0,79.56009392377278,10593,43,547
117,238,171.92857142857142,167.0,32.99451098443559,2407,14,548
69,248,126.72916666666667,115.0,40.65338217957872,6083,48,549
67,307,170.35,152.0,62.877082470483636,3407,20,550
71,346,186.45901639344262,165.0,71.2638997130469,11374,61,551
45,328,120.06549118387909,114.0,40.04438020456561,47666,397,552
46,390,118.40822784810126,111.5,42.25855986270243,37417,316,553
32,232,131.84615384615384,118.5,45.14480318306715,3428,26,554
64,216,125.52941176470588,120.0,33.236439334771994,4268,34,555
70,292,130.71698113207546,114.0,51.7703117948817,6928,53,556
69,241,149.6184210526316,148.0,32.42013145905973,22742,152,557
101,240,153.73333333333332,144.0,34.96563392183181,4612,30,558
49,307,129.18796992481202,122.0,41.288031067279405,34364,266,559
38,259,113.63245033112582,111.0,33.91585819409904,34317,302,560
21,323,131.68055555555554,110.5,70.48380948623137,9481,72,561
31,344,120.42045454545455,101.5,65.62214869838833,10597,88,562
8,384,100.83333333333333,88.0,51.97443397902101,13915,138,563
26,255,118.6304347826087,118.0,44.129433486177504,5457,46,564
31,261,112.95412844036697,102.0,50.886343100567174,12312,109,565
14,271,101.26086956521739,93.0,46.81962061578645,6987,69,566
25,417,116.27213114754099,100.0,65.51506929931675,35463,305,567
25,351,139.9255319148936,120.0,65.09440596969031,26306,188,568
33,323,113.32098765432099,102.0,50.553315496280895,18358,162,569
156,426,224.5,183.5,94.19262179173059,1347,6,570
90,288,165.86666666666667,163.0,41.56740175773426,7464,45,571
15,384,114.77725118483413,90.0,73.64757023130376,24218,211,572
187,318,261.8,267.0,37.67970275891252,2618,10,573
199,303,263.3333333333333,288.0,45.90085934804368,790,3,574
118,246,172.33333333333334,168.0,27.266856831719373,4653,27,575
182,424,311.14285714285717,325.5,72.52571676196476,4356,14,576
52,538,155.2888888888889,122.5,98.95871691933453,13976,90,577
42,433,144.44919786096256,120.0,80.33267285627672,27012,187,578
169,232,202.1,205.5,18.1738823590338,2021,10,579
252,327,279.3333333333333,259.0,33.82635395992631,838,3,580
383,412,397.5,397.5,14.5,795,2,581
290,354,313.90909090909093,303.0,21.2536822283684,3453,11,582
327,480,379.85714285714283,367.0,41.25332392297471,5318,14,583
85,336,180.65454545454546,150.0,72.39417811394358,9936,55,584
128,292,190.19230769230768,188.5,38.64634446915261,4945,26,585
225,339,281.34090909090907,284.5,25.132325419501782,12379,44,586
101,454,213.64900662251657,192.0,76.61404075451871,32261,151,587
50,237,148.69565217391303,150.0,25.883618762198672,27360,184,588
106,349,200.53333333333333,185.0,61.473246213291844,9024,45,589
104,235,163.80645161290323,160.0,35.414977107686816,5078,31,590
404,427,415.5,415.5,11.5,831,2,591
122,443,212.94594594594594,177.0,89.29391067460674,7879,37,592
369,407,389.85714285714283,392.0,14.6621823695088,2729,7,593
218,541,355.375,370.5,104.75201370379473,2843,8,594
173,383,273.95454545454544,265.5,53.308260721552564,6027,22,595
89,238,135.18666666666667,130.0,24.740085331749004,10139,75,596
162,535,283.30434782608694,272.0,92.14116522446683,13032,46,597
113,420,225.08333333333334,191.5,80.65859980325857,13505,60,598
8,317,125.975,111.0,57.452279110580115,25195,200,599
170,331,238.33333333333334,214.0,67.94278638841818,715,3,600
119,119,119.0,119.0,0.0,119,1,601
103,280,169.17283950617283,167.0,34.01771148102618,13703,81,602
185,404,309.9310344827586,326.0,70.09940283797138,8988,29,603
369,386,378.6666666666667,381.0,7.1336448530109,1136,3,604
320,433,376.1666666666667,374.5,35.86742564252726,2257,6,605
78,206,143.04444444444445,139.0,29.792583383979277,6437,45,606
138,215,176.2,178.0,25.724696305301645,881,5,607
165,372,293.1666666666667,301.0,52.30253871042547,7036,24,608
50,174,118.14285714285714,108.0,29.65722543341105,2481,21,609
87,307,179.4233870967742,175.0,33.659498992090526,44497,248,610
291,392,336.0833333333333,333.0,28.438408105158693,8066,24,611
162,299,227.26666666666668,231.0,36.07855626576848,3409,15,612
130,304,191.34848484848484,188.5,35.73534555516065,12629,66,613
175,263,227.88888888888889,226.0,30.49023320651474,2051,9,614
266,477,348.59090909090907,349.0,39.20110437247959,23007,66,615
195,362,263.55555555555554,249.0,55.683851860523184,2372,9,616
151,339,217.37037037037038,194.0,53.911551808321605,5869,27,617
182,427,323.07272727272726,339.0,52.314730950088666,17769,55,618
261,461,330.1194029850746,320.0,33.54903846212474,22118,67,619
247,420,322.2439024390244,325.0,33.52885942049419,13212,41,620
108,401,182.43529411764706,168.0,57.404948968620864,15507,85,621
199,447,301.0621761658031,301.0,41.97675484831942,58105,193,622
149,419,299.3778307508939,302.0,49.690474929817825,251178,839,623
142,274,204.28758169934642,204.0,24.029848868344597,31256,153,624
84,453,198.67277856135402,187.0,56.50123361517872,140859,709,625
133,415,241.83783783783784,221.0,72.53760013374368,8948,37,626
237,510,391.4310344827586,402.5,67.31247567641874,22703,58,627
236,354,285.85714285714283,283.0,43.185409478627555,2001,7,628
219,451,317.1304347826087,307.0,62.730135846251954,7294,23,629
241,397,307.0,297.5,42.20485754033533,4912,16,630
119,274,176.6551724137931,175.0,30.657480228091003,5123,29,631
85,363,187.17948717948718,156.0,76.18865646601198,7300,39,632
134,221,175.75,174.0,30.84132779242813,703,4,633
166,180,173.0,173.0,7.0,346,2,634
31,379,173.46987951807228,158.0,94.60078928698441,14398,83,635
13,389,106.93333333333334,93.0,58.587179694205055,46516,435,636
123,283,194.1,183.0,54.09519387154463,1941,10,637
163,361,276.3125,287.0,46.12128767807045,13263,48,638
34,310,116.01587301587301,99.0,60.94923520321556,7309,63,639
55,390,230.9918699186992,228.0,66.11525978303497,28412,123,640
83,255,144.3653846153846,141.0,37.34816896250834,7507,52,641
88,297,174.92,165.0,45.29496219227917,8746,50,642
39,325,141.11904761904762,119.5,78.29407396566224,5927,42,643
59,313,187.33333333333334,188.0,94.07384806038759,1124,6,644
120,231,176.08333333333334,178.0,32.918987259972354,4226,24,645
73,310,170.76,139.0,71.0122693624137,4269,25,646
48,127,91.38461538461539,91.0,24.275782365712864,1188,13,647
192,212,200.8,201.0,7.30479294709987,1004,5,648
49,300,124.9090909090909,112.0,57.95733207798472,4122,33,649
11,306,104.29805615550755,95.0,49.18789444064877,48290,463,650
13,276,102.98305084745763,94.0,49.85113144098704,6076,59,651
76,239,129.78571428571428,121.0,37.4912915058352,3634,28,652
26,312,119.43298969072166,110.0,45.69145901745997,11585,97,653
39,269,124.96,112.0,50.53512046092302,9372,75,654
12,352,136.21505376344086,108.0,80.40299698345729,12668,93,655
147,265,196.16666666666666,176.5,45.827272326518504,1177,6,656
50,281,130.4375,118.0,55.31723143605436,6261,48,657
46,254,121.14285714285714,106.5,53.252127803931536,5088,42,658
72,284,129.15384615384616,101.0,62.20542414371442,1679,13,659
48,334,161.03333333333333,126.0,85.22929204341791,4831,30,660
49,396,208.575,213.5,99.64358672287946,8343,40,661
21,410,109.45207956600362,95.0,56.1236844549301,60527,553,662
47,525,173.3021582733813,128.0,117.21569950808293,24089,139,663
69,253,135.2826086956522,125.5,44.591704747914065,6223,46,664
63,368,191.4817518248175,187.0,70.3072612243765,26233,137,665
124,341,223.77777777777777,230.0,57.66527508490083,2014,9,666
95,272,157.4090909090909,149.5,34.9046221098023,6926,44,667
78,342,160.0072463768116,148.5,48.60570378302989,22081,138,668
46,368,170.05369127516778,162.0,56.194865326460665,25338,149,669
88,325,183.02173913043478,175.0,44.037034379887864,16838,92,670
94,415,165.9493670886076,151.0,57.24340628308698,13110,79,671
86,298,171.37007874015748,167.0,35.4122633568767,21764,127,672
40,363,183.0601092896175,174.0,60.185793342005844,33500,183,673
167,244,205.25,204.5,22.74725258135584,1642,8,674
84,360,161.6543438077634,158.0,35.891095345836696,87455,541,675
84,348,171.41666666666666,162.5,44.36367785360466,28798,168,676
120,339,188.8783783783784,178.5,47.024419390269614,13977,74,677
112,355,188.89743589743588,167.0,64.20871211427696,7367,39,678
68,327,163.5181518151815,152.0,49.342396706643974,49546,303,679
82,348,179.70322580645163,170.0,53.342977189135446,27854,155,680
122,336,238.75757575757575,235.0,63.61914630000336,7879,33,681
104,428,184.48034934497818,175.0,44.999522635607406,42246,229,682
83,329,158.93,152.0,45.461028364963326,15893,100,683
87,353,172.03571428571428,152.5,64.67969550178852,4817,28,684
68,336,176.6341463414634,164.0,50.62788978686814,14484,82,685
74,267,146.58064516129033,144.0,35.61263294661346,18176,124,686
68,267,137.94011976047904,133.0,32.85382260659932,46072,334,687
191,343,263.6666666666667,257.0,62.232538827279804,791,3,688
206,223,214.5,214.5,8.5,429,2,689
94,329,183.125,175.5,48.66579265767691,5860,32,690
132,252,177.75,163.5,44.79048448052332,711,4,691
214,404,302.0,302.0,35.25200283251582,16308,54,692
309,371,335.0,330.0,23.18404623873926,1340,4,693
251,279,260.6666666666667,252.0,12.970050972229146,782,3,694
295,307,300.6666666666667,300.0,4.921607686744467,902,3,695
301,437,359.4782608695652,346.0,37.73231755776172,8268,23,696
84,359,211.83673469387756,193.0,58.54401690923153,10380,49,697
250,355,301.90909090909093,299.5,29.230913105678646,6642,22,698
332,427,362.57142857142856,362.0,21.80666439978609,5076,14,699
282,448,357.4761904761905,350.0,39.956665869317604,7507,21,700
228,311,284.25,299.0,33.92178503557854,1137,4,701
221,376,300.44444444444446,315.0,41.01791237742932,2704,9,702
273,339,304.3333333333333,301.0,27.047283700134393,913,3,703
206,371,296.3076923076923,298.0,47.37474922261146,3852,13,704
178,280,216.5,204.0,40.0156219494337,866,4,705
172,241,218.75,231.0,27.87808278917329,875,4,706
46,223,143.83333333333334,149.0,57.295772580143776,863,6,707
174,177,175.5,175.5,1.5,351,2,708
62,160,110.4,94.0,40.187560264340505,552,5,709
146,341,225.71428571428572,229.0,65.26805012674225,1580,7,710
351,407,385.6666666666667,399.0,24.72964932132188,1157,3,711
169,369,255.54166666666666,261.0,53.33071282624634,6133,24,712
26,66,46.0,46.0,20.0,92,2,713
256,291,275.6666666666667,280.0,14.613540144521982,827,3,714
229,234,231.5,231.5,2.5,463,2,715
131,276,198.0,204.5,53.85783756025363,1188,6,716
185,198,192.0,192.5,4.743416490252569,768,4,717
131,160,145.5,145.5,14.5,291,2,718
168,237,211.66666666666666,230.0,31.008959278820623,635,3,719
156,260,200.375,196.5,34.97476769043649,1603,8,720
954,1062,1018.6666666666666,1040.0,46.59995231280345,3056,3,721
135,273,200.71428571428572,184.0,49.698273283354006,1405,7,722
284,321,299.25,296.0,14.618053906043718,1197,4,723
531,709,617.3333333333334,613.0,49.97688354518406,9260,15,724
148,313,230.38709677419354,234.0,37.57459455652727,7142,31,725
163,265,225.33333333333334,236.0,28.360491186110657,4732,21,726
154,332,238.40816326530611,235.0,37.77966106920437,11682,49,727
210,342,264.09090909090907,255.0,41.4234333010469,2905,11,728
244,333,281.625,273.5,28.460224436922488,2253,8,729
196,340,251.35714285714286,244.5,38.78624045946696,3519,14,730
96,414,290.11304347826086,292.0,62.845118826385054,33363,115,731
241,370,293.80555555555554,295.0,28.99599535993859,10577,36,732
61,153,103.55555555555556,109.0,25.245950659291047,932,9,733
33,317,120.86086956521739,103.0,59.49817490171578,13899,115,734
64,342,186.30434782608697,180.0,67.44172027217516,4285,23,735
145,280,184.625,164.0,43.3299477844135,1477,8,736
188,280,234.0,235.5,28.708883642524313,2340,10,737
240,1082,551.9428571428572,527.0,211.67332551527102,19318,35,738
303,1574,779.4090909090909,697.0,385.65135680853564,17147,22,739
51,189,131.04,131.0,29.915186778624665,6552,50,740
42,411,231.3015873015873,237.0,88.54043734418484,58288,252,741
327,327,327.0,327.0,0.0,327,1,742
23,384,177.12300319488818,175.5,57.54572468324193,110879,626,743
118,173,141.2,135.0,18.1151869987588,706,5,744
234,294,259.0,249.0,22.110831935702667,2331,9,745
81,361,192.71698113207546,181.0,67.85010597967018,10214,53,746
220,264,240.5,239.0,15.644487847162015,962,4,747
136,236,169.0,152.0,39.287402561126385,676,4,748
133,661,281.0,252.0,120.17712153542595,10397,37,749
1,130,56.42857142857143,46.5,38.64437546528655,790,14,750
42,389,148.44578313253012,117.0,84.37341741659738,12321,83,751
99,412,250.84375,259.0,87.8105593646772,16054,64,752
274,401,329.6666666666667,334.5,42.726520517771576,1978,6,753
1616,9224,4336.92,4112.0,1534.8674695736945,1951614,450,754
460,5240,1880.95530726257,1625.0,982.344921852092,673382,358,755
451,1788,1013.1304347826087,909.0,460.74805001808,46604,46,756
440,1754,868.9855072463768,763.5,338.0420603601995,119920,138,757
544,3574,1975.5438596491229,1910.0,868.211916692496,337818,171,758
1840,3138,2356.0,2332.0,335.1839580204961,197904,84,759
1268,2360,1729.9473684210527,1725.0,265.50507452464626,65738,38,760
1520,1664,1590.3333333333333,1583.0,58.18839135849082,9542,6,761
,,,,,,,762
,,,,,,,763
102,323,211.32,209.0,66.06646350456487,5283,25,764
87,368,225.3421052631579,236.0,83.88064086162754,8563,38,765
135,193,162.44444444444446,165.0,17.00399372115668,1462,9,766
324,469,393.23809523809524,387.0,39.49310339058582,8258,21,767
277,420,347.625,342.5,33.600362721256445,5562,16,768
269,361,326.9,336.0,32.88297431802665,3269,10,769
316,414,373.9,384.0,26.58364158650955,3739,10,770
120,264,197.0,202.0,66.91412406958638,788,4,771
239,287,256.6666666666667,244.0,21.545816814923082,770,3,772
274,380,327.0,327.0,53.0,654,2,773
239,297,262.0,250.0,25.152865973217974,786,3,774
244,363,293.15384615384613,278.0,43.05425227609062,3811,13,775
126,299,232.8181818181818,233.0,46.45000867368191,2561,11,776
210,295,242.2,240.0,29.828845100003452,1211,5,777
239,316,270.5,267.5,28.39013913315678,2164,8,778
176,305,246.25,254.0,37.721843804352936,1970,8,779
53,198,122.26744186046511,117.5,28.767886011122634,10515,86,780
99,161,129.8,132.0,19.95394697797907,649,5,781
341,536,461.05,474.0,47.55783321388812,9221,20,782
174,272,221.58333333333334,225.0,28.636975903347214,2659,12,783
90,287,191.0,177.5,54.57635886873016,7258,38,784
69,336,226.17073170731706,228.0,46.78057364116339,37092,164,785
128,425,234.06666666666666,193.0,99.78875465479842,3511,15,786
171,366,238.85714285714286,232.0,47.36312179451909,3344,14,787
74,202,128.5,110.5,55.49399366898488,771,6,788
101,360,231.25,228.0,81.75993823383186,1850,8,789
117,279,202.0,186.0,57.619441163551734,1414,7,790
83,267,169.14285714285714,179.0,54.122687536027335,1184,7,791
187,287,237.1875,235.0,25.744462389997583,3795,16,792
269,378,296.3333333333333,291.0,26.678122539305914,3556,12,793
172,320,238.2,236.0,40.106857269050636,2382,10,794
142,228,184.77777777777777,196.0,29.134850371553988,1663,9,795
174,303,247.83333333333334,268.0,49.8009928504331,1487,6,796
111,246,178.5,167.5,45.01388674620311,1071,6,797
57,317,187.1818181818182,209.0,73.05143665044662,2059,11,798
116,269,191.2,161.0,60.64618701946562,1912,10,799
120,331,213.83333333333334,207.0,56.01016772773394,7698,36,800
121,386,227.46153846153845,195.0,86.34689908878327,2957,13,801
120,325,231.66666666666666,227.5,64.93116012790435,2780,12,802
142,302,206.47058823529412,202.0,50.362354809986,3510,17,803
268,413,345.7142857142857,356.0,39.279999584355124,9680,28,804
161,357,253.80769230769232,249.0,50.200382492236685,6599,26,805
177,328,258.96491228070175,264.0,29.445736540811843,14761,57,806
225,324,274.375,276.5,31.8588194225712,2195,8,807
156,395,286.42857142857144,288.0,52.96051667544995,10025,35,808
58,529,254.46791443850267,264.0,77.03779048642369,95171,374,809
39,319,129.37878787878788,112.5,65.97813346481135,8539,66,810
46,241,114.7,109.5,44.885521050779836,2294,20,811
62,378,171.5,132.5,100.48120332789722,6174,36,812
25,302,121.0752688172043,105.0,58.0830396578509,11260,93,813
13,292,134.35416666666666,102.5,79.3466785650512,6449,48,814
113,332,218.38888888888889,228.5,64.63413175447104,3931,18,815
211,300,256.7142857142857,261.0,25.234411231571894,1797,7,816
34,235,122.53846153846153,119.0,57.837458429923565,1593,13,817
65,398,188.04,185.0,86.18049895422978,4701,25,818
98,289,196.36666666666667,194.5,51.76773984721459,5891,30,819
54,345,170.95714285714286,159.5,59.75830742350765,23934,140,820
144,318,224.06666666666666,219.0,49.12360826414209,3361,15,821
128,318,214.0,211.0,58.60602926889576,2568,12,822
130,389,234.68627450980392,226.0,64.93963718929746,11969,51,823
215,316,277.75,277.0,27.782263526693907,3333,12,824
180,320,259.07142857142856,264.5,38.059097440154616,7254,28,825
119,382,294.0,306.0,63.76594105080892,6174,21,826
141,426,252.76923076923077,237.0,71.3368540486762,9858,39,827
72,326,148.11428571428573,136.0,57.44004149847856,5184,35,828
77,204,130.0,119.5,46.502688094345686,520,4,829
63,223,123.51724137931035,116.0,38.871690514106724,3582,29,830
70,328,165.38194444444446,163.0,41.51154399812207,23815,144,831
194,401,298.70588235294116,287.0,57.59469410394794,5078,17,832
125,201,160.0909090909091,154.0,26.386823658976414,1761,11,833
48,373,150.8421052631579,128.0,74.85161683581917,2866,19,834
109,350,210.8913043478261,211.5,68.49475646730973,9701,46,835
70,281,163.52380952380952,148.0,57.718214544885505,3434,21,836
9,741,162.08390022675738,124.0,96.37815137671383,71479,441,837
14,386,192.74444444444444,197.5,84.0713402231318,69388,360,838
153,365,245.22222222222223,233.0,64.47700326951683,2207,9,839
277,675,439.73205741626793,433.0,71.92410258133691,91904,209,840
22,287,106.62222222222222,92.0,49.67462526342528,14394,135,841
31,197,126.0,140.0,60.305886943150085,630,5,842
1,401,135.69299820466787,106.0,81.20371906798462,75581,557,843
15,307,101.1775,91.0,51.43399647849659,40471,400,844
10,336,103.18529632408102,94.0,46.48578444960284,137546,1333,845
17,250,93.63730569948187,90.0,37.10499117292466,18072,193,846
62,385,159.98648648648648,143.0,70.152053627786,11839,74,847
5,516,126.84150943396226,108.0,70.92651906836801,67226,530,848
119,353,198.81034482758622,184.5,62.44099473918577,11531,58,849
41,434,144.73717948717947,125.0,67.90152297860438,45158,312,850
21,566,144.65843621399176,126.0,82.15128697387544,35152,243,851
1,293,99.42622950819673,91.0,43.76809565492656,72780,732,852
40,393,126.9704641350211,114.0,57.770709047364235,30092,237,853
78,296,184.5,193.0,61.52946448653685,2952,16,854
42,299,166.98333333333332,156.5,60.201465006168156,10019,60,855
5,360,96.34703433922996,92.0,38.071660948473365,185179,1922,856
154,449,283.3524590163934,285.0,59.323083463843616,34569,122,857
45,419,141.33767441860465,129.0,52.612019355259335,151938,1075,858
47,297,186.58490566037736,194.0,66.74350621009894,9889,53,859
1,286,82.19709208400646,73.0,40.05081495171917,50880,619,860
37,274,118.82352941176471,106.5,49.41166841727313,16160,136,861
1,268,89.06878537222464,86.0,32.6225236879068,409182,4594,862
7,390,109.40571428571428,89.0,65.9090799851568,38292,350,863
27,641,204.75075987841944,177.0,103.12662211762873,673630,3290,864
30,299,134.52631578947367,129.0,65.1555777157967,5112,38,865
44,422,271.23365122615803,274.0,50.401432508710776,398171,1468,866
21,425,162.6611570247934,170.0,74.03266575412027,19682,121,867
72,466,286.0692307692308,304.5,83.93937266875223,111567,390,868
32,290,124.45614035087719,107.0,63.0207624309942,7094,57,869
1,350,98.18566552901024,93.0,37.762229888170495,143842,1465,870
1,334,104.33747412008282,97.0,44.14220366434562,50395,483,871
1,464,103.91785345717234,97.0,44.35007863415485,1006964,9690,872
121,442,297.4200477326969,296.0,58.84894443890137,124619,419,873
28,415,154.95473251028807,132.0,80.00263632635573,37654,243,874
37,448,116.6957928802589,99.0,63.038268659866254,36059,309,875
73,235,128.85714285714286,118.0,44.07519085584987,3608,28,876
58,478,275.2442868400315,273.0,64.11260822610211,698570,2538,877
36,371,131.95530726256985,119.5,52.10542827950372,47240,358,878
32,350,156.64197530864197,143.0,72.95818329480527,12688,81,879
18,447,136.55704697986576,120.0,64.13998768950516,61041,447,880
1,486,160.8727664818238,158.0,72.22646244239715,522193,3246,881
14,362,99.9436152570481,94.0,39.16131715174133,120532,1206,882
28,298,107.07692307692308,100.0,51.33608947748393,6960,65,883
79,332,169.7560975609756,154.0,61.35851481961188,6960,41,884
4,382,127.66068485625344,119.0,46.66451984522889,697155,5461,885
1,468,111.55803691546036,105.0,48.268410843945524,4146166,37166,886
435,679,546.6666666666666,526.0,100.67880721493586,1640,3,887
199,471,326.28205128205127,346.0,68.32236887067027,12725,39,888
192,403,308.2857142857143,311.0,44.84258180409713,15106,49,889
344,395,369.5,369.5,25.5,739,2,890
128,212,166.54545454545453,164.0,24.673738841727086,1832,11,891
303,585,483.9736842105263,510.0,76.76227378016024,18391,38,892
68,217,159.7826086956522,171.0,35.33929518961938,3675,23,893
144,252,200.03333333333333,198.0,26.917755395938116,6001,30,894
212,336,265.2857142857143,260.0,30.079486534914153,5571,21,895
169,314,230.78947368421052,223.0,38.60130751449042,4385,19,896
202,314,262.8888888888889,256.0,31.95289743232979,2366,9,897
114,267,203.71428571428572,215.0,44.64371427748588,1426,7,898
116,200,160.66666666666666,164.5,27.139557025779833,964,6,899
163,180,171.5,171.5,8.5,343,2,900
128,230,171.30769230769232,176.0,30.542239642286614,2227,13,901
179,290,237.0,236.0,31.605523107664123,2607,11,902
304,364,332.8333333333333,331.0,21.536145327229654,1997,6,903
150,289,204.71428571428572,203.0,44.0023190483485,1433,7,904
133,201,164.66666666666666,156.0,23.816427570528333,988,6,905
215,293,244.5,241.0,22.599778759979046,1956,8,906
88,232,162.16666666666666,165.5,42.46338291856748,973,6,907
114,179,145.8,133.0,25.230140705116966,729,5,908
82,193,142.6,151.0,36.78369203872825,713,5,909
189,246,224.5,231.5,21.47673159491453,898,4,910
156,215,180.0,174.5,24.869660230891775,720,4,911
178,308,233.16666666666666,220.5,47.18197631393675,1399,6,912
87,88,87.5,87.5,0.5,175,2,913
227,295,258.6666666666667,254.0,27.956315128349008,776,3,914
167,241,215.6,221.0,25.5154854941073,1078,5,915
220,235,228.0,229.0,6.164414002968976,684,3,916
230,365,298.1666666666667,289.5,42.79180866578192,1789,6,917
181,338,245.8,228.0,62.54726213032829,1229,5,918
141,178,165.33333333333334,177.0,17.21110752456745,496,3,919
104,302,230.2,260.5,70.49794323240927,2302,10,920
136,211,179.14285714285714,190.0,25.564643952305754,1254,7,921
185,206,197.66666666666666,202.0,9.104333522498441,593,3,922
167,313,202.875,195.0,44.44220263443296,1623,8,923
171,221,200.1,199.5,16.10869330516911,2001,10,924
97,215,160.85714285714286,152.0,38.192851131475116,1126,7,925
101,299,199.52380952380952,195.0,51.921753444251316,4190,21,926
115,179,142.75,138.5,26.13785568863674,571,4,927
119,230,180.22222222222223,197.0,36.66599325980949,1622,9,928
44,455,242.77380952380952,220.5,98.55966904204784,20393,84,929
110,232,169.11111111111111,169.0,33.98183973976049,3044,18,930
175,337,244.83333333333334,244.0,55.2310802195849,1469,6,931
126,311,200.75,183.0,51.858983471204546,2409,12,932
251,251,251.0,251.0,0.0,251,1,933
63,331,213.71428571428572,209.5,64.92680337055234,2992,14,934
42,320,122.80759493670887,114.0,43.385740445018406,97018,790,935
66,355,157.38659793814432,150.0,45.83036882878727,30533,194,936
83,304,166.51666666666668,156.5,45.13664131156514,29973,180,937
187,611,311.09375,270.0,97.30697539712916,9955,32,938
31,174,88.72,81.0,33.1921918529042,2218,25,939
34,230,121.73333333333333,104.0,49.507530291416835,3652,30,940
139,382,261.54545454545456,264.0,79.9981404742563,2877,11,941
68,262,131.53731343283582,126.0,37.8217849086724,8813,67,942
75,325,180.8421052631579,161.0,78.45968670389355,3436,19,943
76,396,202.45454545454547,170.5,90.75202340480412,8908,44,944
26,377,177.3861386138614,163.0,80.19912968306689,53748,303,945
87,232,147.6829268292683,144.0,29.881423403251762,6055,41,946
70,343,160.5185185185185,141.0,54.81103590577788,4334,27,947
33,248,110.86842105263158,102.0,47.61367066661665,8426,76,948
1,425,105.21649484536083,93.0,57.16374560838666,132678,1261,949
106,210,152.93939393939394,154.0,24.45706119011303,10094,66,950
27,349,113.3600293901543,103.0,44.86698101065145,154283,1361,951
41,398,129.56548536209553,117.0,51.80479936348639,84088,649,952
52,429,159.1172529313233,146.0,55.69227977177617,284979,1791,953
90,458,250.54735883424408,237.0,75.48871758147227,275101,1098,954
109,370,263.375,277.0,74.03479615469112,6321,24,955
68,309,136.14814814814815,122.0,52.01332002029488,3676,27,956
1,293,96.27235772357723,94.0,33.87001408016733,94732,984,957
1,393,123.48185884691848,101.5,64.55982375952394,496891,4024,958
89,295,172.89411764705883,158.0,45.236638854027255,14696,85,959
39,374,120.9430894308943,108.0,63.328579301205515,14876,123,960
21,412,108.93650793650794,100.0,46.91832586624555,61767,567,961
73,324,187.19148936170214,196.0,62.18354379623598,8798,47,962
43,266,119.70454545454545,103.5,46.30314123717474,5267,44,963
29,338,116.43283582089552,107.0,46.30422561568833,62408,536,964
52,373,149.80633802816902,147.0,29.362567707280135,212725,1420,965
56,294,162.4375,143.0,69.08054063012246,2599,16,966
44,233,123.98,117.5,37.82247480004448,6199,50,967
37,270,116.78698224852072,113.0,35.25765948601293,19737,169,968
56,383,146.83372809095215,144.0,31.54168054850192,309966,2111,969
8,338,110.11826226870474,98.0,51.1248972716327,136877,1243,970
71,379,146.56891495601172,142.0,40.20228532499731,149940,1023,971
58,379,158.50249376558602,147.0,54.71333699977965,127119,802,972
77,561,254.87734806629834,228.5,94.16733011759192,922656,3620,973
30,334,150.32640949554897,125.0,72.53661911495162,50660,337,974
39,393,150.0870870870871,138.0,53.049964393442984,99958,666,975
48,402,178.45419847328245,158.0,61.72491765463976,46755,262,976
56,388,158.09141274238226,155.0,43.146852996353324,57071,361,977
69,481,164.89895052473764,155.0,49.05024485808131,549938,3335,978
41,284,103.21621621621621,95.0,36.146200978006526,7638,74,979
10,354,110.51815463477146,101.0,47.30150178474997,258723,2341,980
154,368,239.74358974358975,221.0,56.33540488470814,9350,39,981
76,542,166.68313458262352,154.0,56.93488409852418,195686,1174,982
62,788,215.5601004664514,211.0,65.36697402243439,600766,2787,983
36,493,160.23763987792472,151.0,48.24314569064402,787568,4915,984
35,326,115.23616236162361,109.0,37.7986940952916,93687,813,985
48,325,133.58129175946547,129.0,35.309679387739955,59978,449,986
41,429,152.08634772462077,135.0,63.216540033460184,130338,857,987
120,449,299.61,298.0,56.10024866255051,89883,300,988
1,384,91.52085914911194,87.0,36.35359868550299,443144,4842,989
57,586,173.50745501285348,150.0,68.34069401580291,337472,1945,990
68,345,153.1448275862069,146.0,44.63052601702652,111030,725,991
48,243,105.4776119402985,94.0,37.268432566167334,7067,67,992
61,561,159.41551275377407,151.0,46.449462821635514,1531186,9605,993
97,456,240.42592592592592,217.0,87.81474647356636,12983,54,994
70,379,167.6391304347826,153.5,55.351880209457356,38557,230,995
58,378,142.88248337028824,135.0,41.9368327548077,64440,451,996
152,471,281.3916349809886,274.0,54.01199210585726,74006,263,997
5,473,121.45163073521283,104.0,60.15132942010269,439412,3618,998
158,657,405.4550063371356,404.0,109.69571725314455,319904,789,999
72,410,176.78163265306122,160.5,57.37893438902607,86623,490,1000
61,325,150.3111111111111,145.0,57.942815573142546,6764,45,1001
64,521,225.4530627038782,214.0,73.09633990948133,622025,2759,1002
13,362,119.50281214848144,102.0,58.996618108348414,106238,889,1003
82,298,152.73287671232876,144.0,41.328584936099816,44598,292,1004
21,240,105.50299401197604,100.5,32.76478945700156,35238,334,1005
40,428,142.39080982711556,131.0,52.84940617979639,312975,2198,1006
68,366,152.8693284936479,140.0,52.475845132942766,84231,551,1007
55,677,215.87623954890142,197.0,75.98660136309913,2220503,10286,1008
27,554,135.37774294670845,127.0,46.74732482385272,259113,1914,1009
1,422,104.44305856832972,91.0,54.75886973628617,577779,5532,1010
22,273,103.78508771929825,96.5,44.07123765167255,23663,228,1011
57,714,164.66899908731367,158.0,44.68346527589441,541267,3287,1012
2,475,122.74494113318616,115.0,45.07936313913921,1334483,10872,1013
1,323,90.43100252737995,88.0,30.32154970758832,536708,5935,1014
130,513,238.74713958810068,219.0,65.2367464454177,417330,1748,1015
108,301,222.2925170068027,226.0,44.63307868288155,32677,147,1016
70,463,182.2473821989529,164.0,63.068319192898066,139237,764,1017
39,494,157.444234728895,148.0,47.744051860291925,1835170,11656,1018
22,431,135.45935344244555,126.0,47.378751735524105,1001451,7393,1019
1,440,115.32908691153648,106.0,46.59060747520511,1783449,15464,1020
49,313,182.19148936170214,185.0,71.62688140869317,8563,47,1021
152,343,208.46666666666667,192.0,57.32930218386483,3127,15,1022
62,289,138.74074074074073,128.0,55.6081479458705,3746,27,1023
204,346,256.55555555555554,254.0,43.780033782818066,2309,9,1024
123,336,232.7,249.0,65.20437101912724,2327,10,1025
71,372,153.30701754385964,145.0,43.32146811774602,87385,570,1026
61,502,288.63106796116506,295.0,108.27562727579209,59458,206,1027
15,217,99.79142857142857,96.0,32.54279706503924,34927,350,1028
50,282,151.7,142.0,73.16700075853869,1517,10,1029
74,408,164.7826086956522,133.0,85.03756536748621,3790,23,1030
50,255,126.27385892116183,123.0,33.18700473753208,30432,241,1031
53,293,127.37735849056604,115.0,57.16022710621213,6751,53,1032
19,293,119.18446601941747,99.0,50.02673995126764,12276,103,1033
6,275,107.22834645669292,108.0,36.18961198156221,13618,127,1034
27,321,114.97457627118644,105.5,48.52388226681973,13567,118,1035
158,258,199.66666666666666,183.0,42.49182927993987,599,3,1036
87,369,196.7,165.0,80.32979936901789,5901,30,1037
76,337,193.5625,188.5,87.77169870607496,3097,16,1038
29,236,112.68235294117648,108.0,38.55911024257383,9578,85,1039
123,349,224.75,220.0,63.06573951045052,4495,20,1040
33,332,122.23655913978494,112.0,49.83795918749182,34104,279,1041
48,262,109.0576923076923,95.5,47.116228406886954,5671,52,1042
163,332,238.78571428571428,243.5,42.26308516124845,6686,28,1043
37,252,109.57534246575342,106.0,31.639955582558564,31996,292,1044
22,280,105.34497816593887,94.0,47.424762142796595,24124,229,1045
90,304,167.05555555555554,161.0,51.94598928184096,3007,18,1046
84,304,187.23287671232876,176.0,46.88473787011274,13668,73,1047
74,306,150.11764705882354,137.0,63.842529023455256,2552,17,1048
44,389,134.0609756097561,119.0,62.31202905460425,10993,82,1049
22,321,128.85714285714286,117.0,56.154451728955486,4510,35,1050
26,249,109.56991150442478,106.0,30.665552103832674,61907,565,1051
23,231,109.4490161001789,109.0,28.817428417646514,61182,559,1052
40,269,115.85964912280701,112.0,35.1112585514941,52832,456,1053
7,263,118.7,110.5,54.79516402019434,4748,40,1054
20,295,115.31428571428572,108.0,39.8088698966572,28252,245,1055
35,209,117.47435897435898,113.0,36.20728229591048,9163,78,1056
70,248,123.79069767441861,114.0,39.65875259829519,5323,43,1057
73,313,150.192118226601,141.0,45.86860154646517,30489,203,1058
165,268,214.5,212.5,44.67941360403021,858,4,1059
121,301,176.47826086956522,162.0,50.94657864112462,4059,23,1060
81,216,151.21951219512195,153.0,22.77444602250437,18600,123,1061
103,159,130.66666666666666,130.0,22.866763848189994,392,3,1062
145,395,286.97938144329896,291.0,56.198099425148094,27837,97,1063
115,330,202.35064935064935,197.0,44.23102461552731,15581,77,1064
219,373,322.6666666666667,334.0,44.43072010319987,4840,15,1065
64,440,177.126213592233,170.0,60.82517995642164,18244,103,1066
69,461,173.39112903225808,158.0,58.553201402008845,129003,744,1067
86,351,160.55579868708972,160.0,30.45241749263051,73374,457,1068
107,339,196.70338983050848,192.5,58.27307273053483,23211,118,1069
49,328,175.88311688311688,158.5,57.10663846278124,27086,154,1070
114,437,232.29508196721312,221.0,58.36048075125728,14170,61,1071
93,420,226.89655172413794,225.0,58.334555221900686,6580,29,1072
164,291,241.75,256.0,51.958517107400205,967,4,1073
104,399,179.11702127659575,166.0,51.42229344814982,16837,94,1074
138,339,198.33333333333334,188.0,42.65319080667164,13685,69,1075
93,258,168.45333333333335,168.0,32.498735701904195,12634,75,1076
100,319,171.5,160.0,45.34069145796955,18179,106,1077
120,321,171.3783783783784,164.0,40.96626915135371,6341,37,1078
71,396,151.87671232876713,138.0,53.20253672810511,33261,219,1079
108,409,241.73333333333332,209.0,90.8364586618293,3626,15,1080
84,478,179.23260869565217,162.0,59.42521992184736,82447,460,1081
107,278,178.5,175.0,42.198585144946435,6069,34,1082
126,325,219.52173913043478,217.0,58.223982482357385,10098,46,1083
104,349,200.8235294117647,188.0,63.178770907842186,3414,17,1084
112,329,175.4375,144.0,62.68968091919116,2807,16,1085
85,353,196.79310344827587,197.0,72.05571566041188,5707,29,1086
113,283,163.7,150.5,43.37599182343462,4911,30,1087
268,363,328.77777777777777,337.0,29.19580555025662,2959,9,1088
250,605,383.625,354.0,115.01732206498289,3069,8,1089
242,478,346.5609756097561,341.0,49.700100005046274,14209,41,1090
250,356,293.42857142857144,301.0,36.734013599143246,2054,7,1091
246,457,350.3333333333333,356.5,48.839590042869474,8408,24,1092
173,306,221.33333333333334,207.0,37.57067414294766,1992,9,1093
283,303,294.25,295.5,7.39509972887452,1177,4,1094
98,293,163.20909090909092,163.0,35.664623535105854,17953,110,1095
211,650,326.82236842105266,300.0,95.51922526062793,49677,152,1096
265,501,354.14,353.0,46.60815808418092,17707,50,1097
202,388,314.5806451612903,321.0,42.11870643599862,9752,31,1098
81,394,208.99604743083003,202.0,56.51985540961196,52876,253,1099
147,304,225.57142857142858,224.0,46.70532897970039,1579,7,1100
110,342,194.60377358490567,169.0,62.54910210737882,10314,53,1101
61,326,143.6701030927835,134.5,45.04836384993779,27872,194,1102
90,349,174.53703703703704,161.0,51.982444673022194,28275,162,1103
79,311,160.8046511627907,155.0,36.57281970476685,34573,215,1104
84,300,164.98013245033113,158.0,42.32591462672815,49824,302,1105
69,357,166.16589861751152,159.0,50.34599310200873,36058,217,1106
118,346,205.26315789473685,177.0,68.3657671378263,3900,19,1107
54,354,212.14666666666668,219.0,57.3960958796173,15911,75,1108
94,605,195.7565632458234,180.0,64.3097955816929,82022,419,1109
32,247,115.0225988700565,110.0,29.19812601413659,20359,177,1110
75,332,165.4189189189189,155.0,52.601255446110216,24482,148,1111
10,341,106.47152619589977,96.0,51.6335297922743,46741,439,1112
90,227,153.44897959183675,154.0,27.20186159932756,15038,98,1113
1,334,89.81719597211465,83.0,41.82669473120519,115954,1291,1114
61,307,153.4404761904762,151.5,44.30370058457339,12889,84,1115
1,383,104.86556927297669,96.0,47.35226575796087,76447,729,1116
269,347,313.53333333333336,312.0,21.549529512781067,4703,15,1117
89,201,155.90804597701148,158.0,24.35212572274291,13564,87,1118
95,565,229.7581047381546,220.0,58.95872295824287,184266,802,1119
149,250,194.28571428571428,192.0,30.471130532331212,1360,7,1120
225,638,387.0,377.5,127.92497801445971,3870,10,1121
68,443,224.28571428571428,227.5,96.30934428142665,3140,14,1122
127,1019,354.5695557174071,347.0,76.60895970787577,486824,1373,1123
59,289,160.01818181818183,155.0,43.740865398219135,35204,220,1124
289,743,523.2577319587629,529.0,129.6598466846181,50756,97,1125
53,422,236.84285714285716,246.0,92.74798969161938,16579,70,1126
,,,,,,,1127
132,132,132.0,132.0,0.0,132,1,1128
364,412,389.1666666666667,388.0,12.928220638931286,4670,12,1129
382,448,406.5,400.0,21.445667783183314,2439,6,1130
199,340,255.58333333333334,235.5,42.497957467258225,3067,12,1131
347,455,395.5,386.5,34.79275376117438,5537,14,1132
256,352,315.26666666666665,318.0,25.352098313332743,4729,15,1133
260,371,323.125,344.0,43.25921144681211,2585,8,1134
164,312,228.54166666666666,231.0,39.542149628241276,5485,24,1135
358,436,397.5,398.0,27.807373122968663,1590,4,1136
225,313,266.6,267.0,28.373226816842667,1333,5,1137
135,249,186.45945945945945,186.0,25.710019704802434,6899,37,1138
122,260,186.52542372881356,184.0,25.305158536339334,22010,118,1139
160,425,287.9578947368421,284.0,55.09836482232647,27356,95,1140
262,380,320.1111111111111,326.0,45.29273781485761,2881,9,1141
187,401,297.9512195121951,294.0,56.76479122575044,12216,41,1142
223,312,275.27272727272725,277.0,25.19051375956978,3028,11,1143
390,432,411.0,413.0,13.696714934611146,2055,5,1144
780,1582,1164.5,1148.0,359.6453113833128,4658,4,1145
0,603,124.33601336535449,118.0,45.66438955836542,4763064,38308,1146
40,301,111.13765182186235,99.0,48.59071902177268,27451,247,1147
72,312,177.05882352941177,170.0,72.09754061909324,3010,17,1148
73,292,197.64705882352942,203.0,63.173841548977876,3360,17,1149
115,383,248.42857142857142,232.0,86.61714964280975,3478,14,1150
127,225,159.25,142.5,38.564070065282266,637,4,1151
92,333,175.47297297297297,155.0,60.32708660003331,12985,74,1152
122,473,246.5909090909091,219.5,81.88998112262857,5425,22,1153
72,368,150.44444444444446,123.0,74.07325369916086,13540,90,1154
47,408,156.42631578947368,124.0,83.37576539287448,29721,190,1155
72,466,169.68103448275863,144.0,77.01383654655505,19683,116,1156
42,250,115.99248120300751,106.0,44.06019400033766,15427,133,1157
142,307,199.02941176470588,184.0,45.46199789489191,6767,34,1158
157,419,257.75,206.5,91.7643040620916,3093,12,1159
91,366,173.50925925925927,165.0,43.22518456794354,37478,216,1160
155,395,290.9310344827586,316.0,63.60000598269477,8437,29,1161
212,386,300.0923076923077,299.0,36.79871363843833,19506,65,1162
165,430,327.0,361.0,74.46497336375349,10137,31,1163
346,507,412.0,413.0,42.45178260278178,5356,13,1164
225,489,312.52542372881356,298.0,55.212795106429105,18439,59,1165
178,490,319.07707509881425,306.0,64.84932359625344,161453,506,1166
283,315,301.75,304.5,13.102957681378658,1207,4,1167
78,301,153.0981308411215,149.0,40.87391938909054,32763,214,1168
109,322,191.0,189.0,49.66458928221826,4011,21,1169
174,267,222.4,235.0,35.578645280561204,1112,5,1170
279,520,404.7913043478261,406.0,47.17469764925555,46551,115,1171
236,430,353.0,370.5,69.9660632020982,2824,8,1172
139,501,294.70588235294116,256.5,106.87527899152155,10020,34,1173
125,268,194.45714285714286,196.5,29.709395201944215,13612,70,1174
152,434,306.2266666666667,313.0,67.08115946788304,22967,75,1175
246,375,329.90909090909093,332.5,33.20173748316233,7258,22,1176
249,628,360.21794871794873,339.0,89.9120150317759,28097,78,1177
195,470,313.0,320.5,77.5607288946324,5634,18,1178
162,497,329.2682926829268,336.0,92.9224760519308,13500,41,1179
190,425,297.8695652173913,301.0,61.99390176729243,6851,23,1180
175,465,342.2280701754386,358.0,58.176084054574346,19507,57,1181
168,483,299.3478260869565,303.0,69.95377896101307,6885,23,1182
272,603,431.0,414.5,95.98958276813167,4310,10,1183
182,599,380.7164179104478,363.0,87.27650450101048,25508,67,1184
263,627,478.4552845528455,483.0,74.63943159279997,58850,123,1185
136,439,299.4186046511628,302.0,63.272475575836786,25750,86,1186
26,321,139.06101694915253,122.0,55.66506684413866,82046,590,1187
43,428,141.06923076923076,127.0,54.11571483142375,18339,130,1188
93,309,160.57456140350877,151.5,35.16263794517945,36611,228,1189
96,351,213.6086956521739,216.0,74.22629273432214,4913,23,1190
268,485,338.8165137614679,334.0,37.94930590984243,36931,109,1191
35,412,117.56729131175469,109.0,50.630641179265005,69012,587,1192
118,470,260.3884892086331,256.0,67.0542045089033,36194,139,1193
45,422,180.83561643835617,165.0,85.11190812680267,39603,219,1194
38,269,109.12662337662337,99.0,44.56915178905492,33611,308,1195
18,322,110.29166666666667,92.0,56.10219779315443,10588,96,1196
132,396,215.77073732718895,213.0,34.68378179686936,187289,868,1197
72,446,196.1424825174825,186.0,55.41545074480307,224387,1144,1198
51,213,137.14352941176472,136.0,25.581346361380195,116572,850,1199
1,280,91.78442028985508,89.0,29.257457429579322,50665,552,1200
75,430,148.46191051995163,145.0,36.042356349816146,122778,827,1201
81,432,284.4503816793893,292.0,56.37829519474243,223578,786,1202
38,432,140.44276039987102,131.0,48.6946573220912,435513,3101,1203
117,290,181.9,179.0,35.764367742209565,5457,30,1204
34,344,154.57894736842104,147.0,65.39299478776775,2937,19,1205
195,484,345.1178451178451,345.0,57.047646086197204,102500,297,1206
111,291,187.33333333333334,182.0,48.484590908406716,2810,15,1207
52,216,134.6312292358804,135.0,27.01617987245679,81048,602,1208
75,301,161.79347826086956,154.0,42.31347509787187,59540,368,1209
83,436,256.71499176276774,267.0,67.1243122928084,155826,607,1210
70,203,142.53968253968253,138.0,27.712712913788792,8980,63,1211
138,544,311.81085353003164,311.0,50.97111258791168,591817,1898,1212
50,265,142.01577669902912,141.0,25.762611081498406,117021,824,1213
105,272,156.71428571428572,155.5,26.952717480651867,15358,98,1214
100,354,177.49411764705883,167.0,45.8962060534834,15087,85,1215
259,603,427.8942307692308,423.0,73.54419370864322,44501,104,1216
54,263,129.76260869565218,129.0,25.16015124330558,149227,1150,1217
50,417,216.15139442231074,224.0,87.69701206056229,54254,251,1218
40,273,113.24528301886792,107.0,43.25883295575004,24008,212,1219
165,412,269.45098039215685,266.0,54.74694502193624,13742,51,1220
59,880,172.41948997572896,161.0,60.63323794205595,5185861,30077,1221
130,360,214.2258064516129,213.0,38.226461718313786,46487,217,1222
56,451,142.394653796176,140.0,31.677378006075056,767080,5387,1223
30,325,127.13245033112582,114.0,43.804453415480374,19197,151,1224
41,391,146.4925925925926,128.5,58.041635285472424,79106,540,1225
50,530,214.74647887323943,216.5,74.45284955493976,91482,426,1226
118,382,249.2551724137931,248.0,36.74384383067498,180710,725,1227
30,372,121.4256712508186,113.0,44.3152760273749,185417,1527,1228
7,840,150.32439024390243,113.0,101.66019665521895,739596,4920,1229
21,293,100.25768321513003,93.0,41.091114594902635,42409,423,1230
5,258,105.45065789473684,103.5,33.89609024323751,32057,304,1231
1,516,109.74984135042519,87.0,70.60222510144777,864719,7879,1232
28,336,117.42261251372119,107.0,46.896203369041885,106972,911,1233
84,306,190.2173913043478,191.0,61.12421886883416,4375,23,1234
155,287,218.4,206.0,49.53221174145165,1092,5,1235
479,1490,1005.8571428571429,1023.0,305.21597126566996,21123,21,1236
321,565,443.0,443.0,122.0,886,2,1237
50,757,285.1380400421496,296.0,120.04093487245147,270596,949,1238
38,973,239.5341488277268,248.0,124.771783947059,234983,981,1239
143,174,165.0,172.0,11.865917579353061,825,5,1240
9,408,222.5461741424802,222.0,66.43291579229565,337380,1516,1241
61,1626,406.49446494464945,312.0,259.7795385340229,110160,271,1242
116,326,181.9255319148936,178.5,34.43873356263145,17101,94,1243
92,309,170.9047619047619,150.0,63.84572533843538,3589,21,1244
140,272,191.72222222222223,191.0,34.68237713811753,3451,18,1245
101,407,200.06896551724137,190.0,74.55335096633253,5802,29,1246
32,309,137.51612903225808,122.0,52.68584370541192,12789,93,1247
20,334,110.82882882882883,106.0,42.017844173144915,36906,333,1248
268,413,338.6,338.0,47.12366708990293,1693,5,1249
236,317,280.4,272.0,32.0537049340634,1402,5,1250
148,375,266.7093023255814,270.0,35.2007750572275,114685,430,1251
55,348,151.75510204081633,133.0,65.19845078046917,7436,49,1252
91,325,166.175,134.0,68.11126467039061,6647,40,1253
66,255,144.04347826086956,136.5,51.43630781670419,6626,46,1254
146,402,273.8095238095238,276.0,53.046507639891956,17250,63,1255
154,333,244.72072072072072,249.0,32.56958487515647,27164,111,1256
89,345,242.4878048780488,247.0,60.179050706719586,9942,41,1257
91,357,179.30769230769232,168.5,56.473798710803955,4662,26,1258
93,407,255.7111111111111,246.0,62.00488232469089,34521,135,1259
149,418,273.2068965517241,268.0,63.90908375904268,7923,29,1260
162,320,241.37254901960785,239.0,35.20581546452385,24620,102,1261
126,408,261.78333333333336,262.5,71.74331366444929,15707,60,1262
253,325,288.89473684210526,281.0,19.144587628284494,5489,19,1263
149,361,223.57664233576642,220.0,37.01838616516847,30630,137,1264
154,397,279.4032258064516,285.0,48.59459006044356,17323,62,1265
128,451,311.0175438596491,316.0,59.75138293285293,17728,57,1266
113,328,210.54545454545453,201.0,56.64139770419068,4632,22,1267
25,285,154.09677419354838,152.0,58.37716900091949,4777,31,1268
68,301,161.0487804878049,146.0,54.52587267706696,19809,123,1269
22,343,129.68345323741008,110.0,60.378665531663614,18026,139,1270
